,MN9,MN6,MN11D,MN11V,MN4a,MN4b,MN8,MN10,MN7,CEM
LB1a,4.0682339302877645e-06,-9.01514125921076e-05,0.00018178387173970433,0.00048280272152210476,-0.0005328063345402143,-0.0002732399503183729,-0.0011312944276727836,0.0001592774749590162,-0.002581621232948637,0.0005682909265314552
LB1b,0.0,0.0,0.0,0.0,0.0,0.0,0.0,0.0,0.0,0.0
LB1c,-0.00029026956375829656,-0.002188769283782217,-0.0011133989409018497,0.0009106892632174851,-0.004504919470711292,-0.0007644793536881398,0.0019267854732997565,-0.0004276969767953984,-0.007611927053943156,-0.01191803265850189
LB1d,1.4966728686414047e-05,-9.615635907849421e-05,8.039234176197134e-05,0.0002075047052968459,-0.0003250242857403461,-0.00010913432456305242,2.914509979977356e-05,7.489224220940463e-05,-0.0012648038857996525,-0.0002513060479313108
LB1e,-0.0012599882182604757,-0.0006978406039858467,4.92765525258919e-05,0.0008025843801994341,-0.002854620252640362,-0.0019390232681201066,-0.002107206333765916,0.0006968261112146984,-0.010577126244510657,0.0027289146638082755
LB2a,-2.8145591168241152e-05,0.00012361742550428122,0.000500454847752338,0.0006496544929246722,0.00025840982534388885,0.00040722928220812736,-0.0002145117011374553,-0.0001581292159013571,-0.0007812941793030679,0.011906824845561338
LB2b,0.0,0.0,0.0,0.0,0.0,0.0,0.0,0.0,0.0,0.0
LB2c,-0.0002290816454940804,6.887215038657323e-05,-0.00013103627679071102,0.00012167259963698912,-0.0004246876701151162,-0.0001785054355590979,0.0002483027618237516,-0.00040970923999059187,-0.0012227426471364132,-0.002943539218423944
LB2d,0.0,0.0,0.0,0.0,0.0,0.0,0.0,0.0,0.0,0.0
LB3,0.0,0.0,0.0,0.0,0.0,0.0,0.0,0.0,0.0,0.0
LB3a,0.0008513547917064219,0.00040273231877717023,0.0014310490033698324,-0.0001630576103489649,0.0024480779601839886,0.0005434261418669631,0.009335314333655823,-0.0002696307153930923,0.004420479741574414,0.0015904848404936476
LB3b,0.0009401317364376892,0.00022905259487199817,0.0010794581191536279,0.0002999612734917633,-0.000759604493499088,-5.199194752827337e-05,0.0025493809496991925,4.5441604789130507e-05,0.0033202490919780757,0.0009591632313559254
LB3c,0.0034441984832379808,-0.0007745052489662855,0.002281659263802712,0.000133318748944341,0.01803781270674463,0.011784558439754317,0.01223727118035377,0.0004851649800515736,0.009594798363588248,0.005212906647546411
LB3d,0.004338713556429598,0.00011321882075942085,0.00266459574889891,0.0007210026468325378,0.007197209065653937,0.003937313074381279,0.010332288867538805,0.00031937101992367733,0.014165182122443672,0.0024013045285272683
LB4a,3.9035043097966014e-05,3.2939526173422755e-05,0.00026964130520960487,0.0003713652819985426,0.0002285554079588551,0.00013126537366110947,4.224718573089536e-05,-0.0007820193160935905,-2.6925376520474234e-05,0.0024492877047018113
LB4b,0.00017125292656521485,-8.497328723539611e-05,0.0011133929578527246,0.0006792281944228016,0.0007094280513436897,0.0005504251566878265,0.0010015739193331857,-0.00023904354447261175,0.0007906764857040818,0.002609866321906051
LgAG1,-0.001253878072789448,-0.000520716872623368,-0.0005455222774757738,0.0002350025797229159,-0.0037989796319644184,-0.0014268393403302421,-0.001145272084800648,0.0004630231065783864,-0.005460758849948789,0.002649565758019874
LgAG2,1.4031512614326267e-05,6.678224664009105e-05,-0.00022605997976391504,-1.7466982494818106e-05,-1.1470440763688717e-05,-6.691341978139485e-05,-0.0002700986754454566,-0.00029300474033985596,-0.0009536154690272284,0.0004891031926559084
LgAG3,-0.0005296972834727664,-0.00010008544347798876,-0.0003760671506046209,-0.00014368848112779675,-0.0013816357348579288,-0.0006763531738174486,-0.0010620943724010087,3.5593073977226285e-05,-0.002076137228902598,0.001581777085064738
LgAG4,-5.466889151527205e-05,-1.906457229917883e-05,-1.3741333236294152e-05,4.612908913246324e-05,-0.00022851334090383396,-8.213385453844292e-05,-7.80690099889488e-05,-3.7215929066132304e-05,-0.00010058024969876904,0.0002851648089479941
LgAG5,-0.001401857841688145,-0.0006961410926902251,-0.0005578130700343481,8.591357526866605e-05,-0.0034613490027296987,-0.0016222919192072707,-0.0011128216823510888,0.0002194649215922937,-0.004314094743789249,-0.0037607603146261933
LgAG6,4.747350010798213e-05,5.606134969162606e-06,0.0002166198663909814,0.00035620155339271316,0.00013531724321853362,0.0001465612418244137,-5.742376529806057e-05,0.00017965356743409079,-6.132127465776708e-06,0.003227223783083793
LgAG7,-9.233855930009874e-05,0.00010222539376028266,0.00013067226302745867,0.0006937571687566171,0.00011689234194814454,-0.00015773744922796814,-0.000371009582072036,0.0009049293400087442,-0.0009029990621365287,0.0024191905489683793
LgAG8,5.0196600880154036e-05,6.37164346310249e-06,4.38917334000992e-05,5.851415235937735e-06,0.00012581122835454798,6.532705105285887e-05,0.00012435429295959758,-1.3747583622784806e-06,0.00024912878716361596,-0.00022382888154746315
LgAG9,6.444869011582971e-05,-5.195606976290017e-05,9.100393418514388e-05,1.4102076339412095e-05,9.696276405485926e-05,4.253217399665653e-05,0.00019488881587391104,0.00012825984126353622,0.0005872434708931842,0.00012022567125228947
LgLG1a,-0.00033722623213694317,6.548318581813135e-05,-0.00018380021623761911,-7.415063748865468e-05,-0.0012282266063758877,-0.0008745480589589037,-0.0007164505635094281,1.9440635909855e-05,-0.0005413042550315655,-0.00020857373492592576
LgLG1b,0.0,0.0,0.0,0.0,0.0,0.0,0.0,0.0,0.0,0.0
LgLG2,1.8447750090172224e-05,6.083156860622613e-06,6.751085349411566e-06,2.3874633504058743e-06,4.6027104253923445e-05,2.6943752284926982e-05,8.13310061317022e-06,1.3223108129017552e-05,6.857409800953019e-05,-3.0043363469549858e-05
LgLG3,4.8702091118394204e-05,0.0002792213646783585,5.495852201034124e-05,5.093377473252345e-05,-0.0002559499107057013,-4.940359129612296e-07,-0.0004464131756335229,5.750662874130444e-06,-0.0002800817968421234,-2.3702775152665557e-05
LgLG4,0.0002272602769148517,2.6969939613854163e-05,0.0003106207015393475,0.0001958893665573316,0.00012822412464485398,5.190027837796864e-05,5.6269382836092064e-05,-2.124371280240765e-05,-0.0005284290113745358,0.0007383926858576513
LgLG5,1.0063406870063772e-06,3.0702665908315155e-08,8.994291859749702e-06,1.5434881343752792e-05,-1.8734527012923072e-05,1.2990283594363353e-06,2.989642611558939e-06,-7.146789727498729e-07,-5.313976076383657e-06,-3.161623075794935e-06
LgLG6,-2.1658804184372124e-05,1.4487132902293271e-05,1.1649172909531736e-05,4.124667156965892e-06,-2.8677152740718297e-05,-3.881081505834648e-05,4.5879167952725965e-05,-1.3667393926827989e-05,0.00012438437751890197,2.5117442356133115e-05
LgLG7,3.618475971569016e-06,-3.8039778529766214e-06,3.244461416096017e-06,1.9360839591515775e-05,-0.00012277145321025202,-8.813883044990284e-05,-0.00013116339694199357,2.013129666119231e-05,-0.0002792837732995478,-2.895690041001604e-05
LgLG8,0.0,0.0,0.0,0.0,0.0,0.0,0.0,0.0,0.0,0.0
PhG10,4.7949021016997094e-05,-2.5008931628750492e-05,0.0005524382713921594,0.0009455454166094542,4.331032060817602e-05,0.00013018316566645193,1.2655485821115338e-05,-0.0010791769155262323,9.617233607502611e-06,0.0005623958577398789
PhG11,-0.00018271739936242368,-0.00010453374428420055,-0.0008193621894853438,0.0002765109935529082,-0.0016871832355019353,-0.0005665079923827323,0.00018888895263146423,-0.0034505890739763194,-0.00018097047657428174,-0.0031560966897801667
PhG12,4.66454123509199e-05,4.324640988045259e-05,1.8588290548962018e-05,8.082680874548694e-05,0.00024323959307718122,6.01702418293408e-05,2.7390693534892286e-05,2.0341533076941334e-05,0.0003429440483881714,-0.0006779824205817951
PhG13,-0.0006677220770621003,-0.0001646895983175508,-0.00038398337053449633,-2.4922382942731598e-05,-0.0017233687486434561,-0.0008018026512341607,-0.0013755927896978114,0.00016783875602997096,-0.0033524514681108953,0.0029536200018181447
PhG14,-2.1504523820371267e-05,1.573603547146847e-05,0.00041470761692029436,0.0004532437543437183,2.507699470737362e-05,4.901486833355107e-05,0.00015224440177392506,0.0004527868889762875,2.031810241611612e-05,0.00026860772908229543
PhG15,-0.00012779811641139003,-3.486871341944941e-05,4.128068411486311e-05,0.00011391127797867506,-0.00030322066247673784,-0.0001451423551233167,-7.783572935439128e-05,1.2810957203756864e-05,-0.0005922679673777149,0.0011208528360636292
PhG16,-2.4977018815208728e-05,-1.8957524848014247e-05,-0.0001302099582046877,9.358892847633108e-06,-0.00012648502801390244,5.545423402792592e-05,9.515387225341091e-05,-0.0007941629882039336,-1.1872313181814267e-05,0.006805562497400513
PhG1a,6.234600915044565e-05,5.015277302542908e-05,0.0005730559068397587,0.0004914971241197578,0.00042368509811313744,0.00031442601359255826,-6.608142602132348e-05,-0.00023396021366434193,2.063249430333844e-05,-0.002732584634841752
PhG1b,0.00012302075040812762,4.4855186155670174e-05,0.0007919219777951107,0.00041556273600998345,0.00044130402661184435,0.00024735710303226655,0.0009087180270745889,0.00016905903266236776,0.0015088807534077448,0.03657836159399313
PhG1c,0.0009661765224434003,0.00021931772919028822,0.0012770035625188944,0.0013288080455865024,0.002317262671529756,0.0018511693971890635,0.002237433080623519,-0.0014583641751778264,0.003318982786652926,0.023634510805643685
PhG2,-0.0008426617274748908,-0.00020549380437774907,-0.0006991435460504173,-0.0005942871566289518,-0.0007212522291728434,-0.0004928379109677334,-0.013971736366592614,0.001595693137333268,-0.000402085584499902,-0.0013719379866594292
PhG3,2.2601139593699683e-05,4.2390827688179156e-05,0.0004247375106228053,0.0009529102651013465,3.450184064028815e-05,-2.4528463140350553e-05,-8.367586225734849e-05,0.0003136606816459047,-3.392459763924729e-05,0.005634808368917311
PhG4,-9.971371307562189e-05,-1.8247025705101212e-06,-0.0002463409652396608,0.0009312353210936759,-0.00016206031754498318,-0.0003331527999971144,0.00019964066901479756,0.0011694823712508763,-0.00030812609905797367,-0.016224188149125084
PhG5,-7.204451579377483e-05,1.5642729197309225e-05,2.8466534704985294e-05,0.0010203938977168014,-0.00016627048719153532,-0.00020035033397780295,0.00021069180293812096,0.0009934091355923325,0.00020106045503498398,-0.004991667086352189
PhG6,-7.667575771081118e-05,-1.2989099791802052e-05,0.00010504455509321263,7.451527676883555e-05,-0.00011243149674314593,-7.332679298356435e-05,-8.010911459429434e-05,0.0004171763406714403,-8.673970016383157e-05,0.016531937163782755
PhG7,-6.881010578824023e-05,1.2893525580152215e-05,-0.0014859409437188386,-0.00045122815852701305,0.00015871436906465884,-1.35696043485133e-06,-0.00017404046651652315,-0.006458585969863701,4.671755071541583e-05,0.010243748786173644
PhG8,1.7758933942890616e-05,0.00022501306781899392,0.00011456670164534816,0.0017568965844030225,0.0006788389056878056,0.0004707801348399365,0.0011724138710351422,0.0005822173141361818,0.0010706122181559953,-0.004950714742308166
PhG9,-0.0002737422236405075,-0.00022943948629192097,0.005888868741271904,-0.006483614574801496,0.0006316804649172911,0.00052648763982593,-0.0008273688603614073,0.062174439382818435,-0.0005687165187872552,-0.004007074487273602
WG1,2.797307675251837e-05,5.1835911844012726e-06,1.605506591447138e-05,8.866971322815805e-06,9.279937755381515e-05,3.60634087551185e-05,1.9635009787896653e-05,1.6008478604910064e-05,6.457484573100371e-05,-4.0698616385402255e-05
WG2,0.00014142875213677504,1.3605607289395542e-05,3.9172832281875475e-05,3.3833876154145674e-05,-7.113226918473416e-06,7.509850894799799e-06,-0.0003539123935905252,1.1158466891292084e-05,-0.0003098112913128448,-1.7515990862162913e-05
WG3,0.0,0.0,0.0,0.0,0.0,0.0,0.0,0.0,0.0,0.0
WG4,-3.582862052439083e-05,5.7859518897092737e-05,-4.358700936717659e-05,-4.502818313779229e-05,0.00010140563105096065,2.9905225657343864e-05,-9.985826661662803e-05,-6.156729758911949e-05,-0.00023079906643127778,-4.123477283311443e-05
aPhM1,-9.538482371907164e-05,0.0003707209253382076,0.00881769280456304,0.04006010015361017,-0.001380043901150083,-0.0015246795016025535,-0.0025856026831050875,0.08609922066368332,-0.010430960113221425,-0.008588566918546878
aPhM2a,-0.002956732083941745,0.0029030502077448178,-0.012804559167049494,0.032521246962311706,-0.004374425378520726,-0.0018910487498649275,-0.00539403721747661,-0.03040351057166897,-0.06782265728143133,0.009801565815331169
aPhM2b,-0.0002771022842885292,0.0010144785575307296,-0.0015970108090560522,-0.006262048892227157,8.412443327825581e-06,0.00020832861414336,-0.00019774246003125727,-0.01569066808303797,-0.0007339330142927768,-0.0033845626291170356
aPhM3,-0.00019464774771114741,0.0007758057356907588,-0.010696469800050547,-0.02191107390142445,-0.00023327895901339356,-0.00016553600632401172,-0.0042036755426362385,-0.024700975497823595,-0.0019738351503744305,-0.020050319488632107
aPhM4,-7.742752238989548e-05,0.00042567555284875666,-0.026188212658545238,0.004056393214375929,-3.924949105545741e-05,-8.978672846184316e-05,0.0008958314983720573,0.07627867381524049,0.0039289562057663084,-0.005764076299000722
aPhM5,0.0004337279760257626,-3.575496136257122e-05,0.005584247249290197,0.0045792106814570785,-0.0019932757669082726,-0.0016287653612005405,0.0022244970954429263,0.007228832635344468,-0.0038247522171039106,-0.006732857004309555
claw_tpGRN,0.0007082010196345273,0.00018050647873324658,0.002242649571690154,0.0002932841394799835,0.002325690880211604,0.0025289848717991153,-0.0017694316385863764,0.00023126910159211925,-0.0012603035511159198,-0.001552465882840547
dorsal_tpGRN,-2.1096439588538072e-05,-4.197452349078825e-05,0.0054321525619767394,0.002638599042014282,0.0010010408584490164,0.00100802858407503,8.086708307708967e-05,0.0030716886579498803,0.00024061234770769648,-0.07567752086531122
